Mode,Tray ID,Add Voltage(uV) :,SW Version,Measure Type,Num. of OCV measurement :,Test Time(S) :,OCV Lower Spec(mV) :,OCV Upper Spec(mV) :,Current Lower Spec(mA) :,Current Upper Spec(mA) :,Cell Temp_A(degC) :,Cell Temp_B(degC) :,Cell Temp_Average(degC) :,Plate Temp_A(degC) :,Plate Temp_B(degC) :,Plate Temp_Average(degC) :,Delta Temp(degC) :,Load Cell(ton) :,Rejudgement Spec.(mA) :,OCV_Measure_1st,OCV_Measure_2nd,OCV_Measure_3rd,OCV_Measure_4th,OCV_Measure_5th,Voltage Average(mV),Current Average(mA),Judge,Plate,,Time(s),0.0,0.1,0.2,0.3,0.4,0.5,0.6,0.7,0.8,0.9,1.0,1.1,1.2,1.3,1.4,1.5,1.6,1.7,1.8,1.9,2.0,2.1,2.2,2.3,2.4,2.5,2.6,2.7,2.8,2.9,3.0,3.1,3.2,3.3,3.4,3.5,3.6,3.7,3.8,3.9,4.0,4.1,4.2,4.3,4.4,4.5,4.6,4.7,4.8,4.9,5.0,5.1,5.2,5.3,5.4,5.5,5.6,5.7,5.8,5.9,6.0,6.1,6.2,6.3,6.4,6.5,6.6,6.7,6.8,6.9,7.0,,Time(s),0.0,0.1,0.2,0.3,0.4,0.5,0.6,0.7,0.8,0.9,1.0,1.1,1.2,1.3,1.4,1.5,1.6,1.7,1.8,1.9,2.0,2.1,2.2,2.3,2.4,2.5,2.6,2.7,2.8,2.9,3.0,3.1,3.2,3.3,3.4,3.5,3.6,3.7,3.8,3.9,4.0,4.1,4.2,4.3,4.4,4.5,4.6,4.7,4.8,4.9,5.0,5.1,5.2,5.3,5.4,5.5,5.6,5.7,5.8,5.9,6.0,6.1,6.2,6.3,6.4,6.5,6.6,6.7,6.8,6.9,7.0
Auto,LHAD001740,50,3.11.2.2.1,New,5,7,0.000000,Inf,-0.894,0.744,17.7,18.5,18.1,19.1,19.1,19.1,1.0,4.270,15.00,263.707056,263.708544,263.708110,263.706560,263.707428,263.757448,-0.004182,A,1,,Slot_01(mA),7.390308,8.895273,1.160059,-3.417444,-1.786642,1.039925,1.521950,0.306721,-0.193281,0.205679,0.494671,-0.003595,-0.374660,0.137367,0.425739,-0.365486,-0.320978,0.454130,0.073147,0.297174,-0.012274,-0.312672,0.681505,0.241261,-0.468760,0.000248,0.229111,-0.113440,-0.283537,0.025663,0.373793,0.148153,-0.431566,-0.501862,0.352468,0.639725,-0.024300,0.046120,0.216713,0.091991,-0.639601,-0.205307,0.626955,0.068808,-0.387678,-0.597572,0.352221,0.517235,-0.094843,-0.338335,0.031986,0.568190,-0.028763,-0.414085,-0.209522,0.573521,0.476570,-0.323830,-0.933676,-0.173445,0.620260,0.429459,-0.449791,-0.426607,0.320854,0.169725,0.306349,0.288248,-0.481281,-0.581207,0.170097,,Slot_01(mV),263.757270,263.757450,263.757450,263.757450,263.757450,263.757450,263.757450,263.757450,263.757450,263.757450,263.757450,263.757450,263.757450,263.757450,263.757450,263.757450,263.757450,263.757450,263.757450,263.757450,263.757510,263.757450,263.757450,263.757450,263.757450,263.757450,263.757450,263.757450,263.757450,263.757450,263.757450,263.757450,263.757450,263.757450,263.757450,263.757450,263.757450,263.757450,263.757450,263.757450,263.757450,263.757450,263.757450,263.757450,263.757450,263.757450,263.757450,263.757450,263.757450,263.757450,263.757450,263.757450,263.757450,263.757450,263.757450,263.757450,263.757450,263.757450,263.757450,263.757450,263.757450,263.757450,263.757450,263.757450,263.757450,263.757450,263.757450,263.757450,263.757450,263.757450,263.757450
Auto,LHAD001740,50,3.11.2.2.1,New,5,7,0.000000,Inf,-0.894,0.744,17.7,18.5,18.1,19.1,19.1,19.1,1.0,4.270,15.00,261.649585,261.650577,261.650019,261.648531,261.649275,261.699298,0.009873,A,2,,Slot_02(mA),7.586317,8.963461,1.230726,-3.322973,-1.729736,1.094103,1.549845,0.452023,-0.343046,0.317135,0.565958,0.059633,-0.396605,0.315399,0.577984,-0.615301,-0.347261,0.599680,0.140467,0.289612,-0.126581,-0.018845,0.569305,0.321722,-0.333376,0.025663,0.322342,-0.127077,-0.375156,0.043144,0.504589,0.102406,-0.443344,-0.400324,0.477190,0.471611,0.030003,0.032978,0.289240,0.179520,-0.551205,-0.349369,0.721550,0.011282,-0.504217,-0.439501,0.211506,0.577984,0.044508,-0.401564,0.117283,0.472107,-0.011778,-0.254774,-0.117035,0.492439,0.499010,-0.271263,-1.023684,-0.236549,0.755520,0.404663,-0.316143,-0.662909,0.487108,0.310564,0.243988,0.257254,-0.516119,-0.503721,0.298042,,Slot_02(mV),261.699110,261.699300,261.699360,261.699300,261.699300,261.699300,261.699300,261.699300,261.699300,261.699300,261.699300,261.699300,261.699300,261.699300,261.699300,261.699300,261.699300,261.699300,261.699300,261.699300,261.699360,261.699300,261.699300,261.699300,261.699300,261.699300,261.699300,261.699300,261.699300,261.699300,261.699300,261.699240,261.699300,261.699300,261.699300,261.699300,261.699300,261.699300,261.699300,261.699300,261.699300,261.699300,261.699300,261.699300,261.699300,261.699300,261.699300,261.699300,261.699300,261.699300,261.699300,261.699300,261.699300,261.699300,261.699300,261.699300,261.699300,261.699300,261.699300,261.699300,261.699300,261.699300,261.699300,261.699300,261.699300,261.699300,261.699300,261.699300,261.699300,261.699300,261.699300
Auto,LHAD001740,50,3.11.2.2.1,New,5,7,0.000000,Inf,-0.894,0.744,17.7,18.5,18.1,19.1,19.1,19.1,1.0,4.270,15.00,262.317019,262.317700,262.317328,262.316089,262.316647,262.366667,0.019485,A,3,,Slot_03(mA),7.488127,8.988752,1.266184,-3.412113,-1.727877,1.148529,1.512899,0.441484,-0.275106,0.254774,0.538435,0.053682,-0.295067,0.198116,0.403051,-0.246468,-0.315771,0.534096,0.117655,0.240641,-0.062733,-0.152245,0.653734,0.188198,-0.404787,0.018101,0.355816,-0.117531,-0.225887,0.061989,0.494919,0.085793,-0.416813,-0.377264,0.405779,0.657578,-0.033722,0.060253,0.251179,0.121250,-0.553064,-0.288000,0.643692,0.128317,-0.374908,-0.466776,0.317755,0.614433,-0.087528,-0.317755,0.063848,0.419292,0.111828,-0.409374,-0.080709,0.421152,0.530005,-0.285769,-0.937271,-0.185347,0.592241,0.486612,-0.340319,-0.455494,0.348377,0.168486,0.365858,0.363626,-0.414209,-0.636997,0.289488,,Slot_03(mV),262.366490,262.366670,262.366670,262.366670,262.366670,262.366670,262.366670,262.366670,262.366670,262.366670,262.366670,262.366670,262.366670,262.366670,262.366670,262.366670,262.366670,262.366670,262.366670,262.366670,262.366730,262.366670,262.366670,262.366670,262.366670,262.366670,262.366670,262.366670,262.366670,262.366670,262.366670,262.366610,262.366670,262.366670,262.366670,262.366670,262.366670,262.366670,262.366670,262.366670,262.366670,262.366670,262.366670,262.366670,262.366670,262.366670,262.366670,262.366670,262.366670,262.366670,262.366670,262.366670,262.366670,262.366670,262.366670,262.366670,262.366670,262.366670,262.366670,262.366670,262.366670,262.366670,262.366670,262.366670,262.366670,262.366670,262.366670,262.366670,262.366670,262.366670,262.366670
Auto,LHAD001740,50,3.11.2.2.1,New,5,7,0.000000,Inf,-0.894,0.744,17.7,18.5,18.1,19.1,19.1,19.1,1.0,4.270,15.00,262.220688,262.221990,262.220936,262.220068,262.220440,262.270458,0.020638,A,4,,Slot_04(mA),7.470894,8.943129,1.276970,-3.307352,-1.749077,1.099310,1.560755,0.451403,-0.205307,0.255270,0.504589,0.131292,-0.434542,0.271387,0.482521,-0.539799,-0.325069,0.518351,0.134020,0.427723,-0.171833,-0.001860,0.572529,0.228119,-0.320978,0.103025,0.318623,-0.263824,-0.311432,0.150881,0.470743,0.093479,-0.404415,-0.574017,0.455618,0.530252,0.087032,0.061865,0.230846,0.080585,-0.498018,-0.165386,0.720434,0.006199,-0.381851,-0.577612,0.349121,0.511284,-0.087900,-0.303373,0.164890,0.525789,0.078106,-0.436525,-0.080338,0.560007,0.471859,-0.317135,-0.908880,-0.333872,0.841684,0.285397,-0.387182,-0.446320,0.420036,0.140343,0.446692,0.247087,-0.504465,-0.375280,0.156336,,Slot_04(mV),262.270280,262.270460,262.270460,262.270460,262.270460,262.270460,262.270460,262.270460,262.270460,262.270460,262.270460,262.270460,262.270460,262.270460,262.270460,262.270460,262.270460,262.270460,262.270460,262.270460,262.270530,262.270460,262.270460,262.270460,262.270460,262.270460,262.270460,262.270460,262.270460,262.270460,262.270460,262.270460,262.270460,262.270460,262.270460,262.270460,262.270460,262.270460,262.270460,262.270460,262.270460,262.270460,262.270460,262.270460,262.270460,262.270460,262.270460,262.270460,262.270460,262.270460,262.270460,262.270460,262.270460,262.270460,262.270460,262.270460,262.270460,262.270460,262.270460,262.270460,262.270460,262.270460,262.270460,262.270460,262.270460,262.270460,262.270460,262.270460,262.270460,262.270460,262.270460
Auto,LHAD001740,50,3.11.2.2.1,New,5,7,0.000000,Inf,-0.894,0.744,17.7,18.5,18.1,19.1,19.1,19.1,1.0,4.270,15.00,263.200359,263.200917,263.200111,263.199244,263.199925,263.249949,-0.030813,A,5,,Slot_05(mA),7.560282,8.945732,1.167498,-3.331900,-1.938639,1.081829,1.542902,0.296803,-0.225143,0.181875,0.522938,-0.002604,-0.413218,0.257626,0.385075,-0.404043,-0.250683,0.417557,0.119267,0.338335,-0.107985,-0.173817,0.560503,0.279322,-0.496035,0.012894,0.199356,-0.150137,-0.312920,0.086908,0.330524,0.199232,-0.513639,-0.466776,0.356808,0.605631,-0.150261,0.007315,0.122366,0.093727,-0.596704,-0.324574,0.882597,-0.055170,-0.635757,-0.523682,0.223036,0.661793,-0.082073,-0.526409,0.206795,0.429211,0.036945,-0.518847,-0.137739,0.373297,0.495539,-0.254154,-0.933180,-0.321722,0.623484,0.418301,-0.500498,-0.520706,0.342550,0.183735,0.239029,0.172701,-0.447063,-0.538559,0.106745,,Slot_05(mV),263.249830,263.249950,263.249950,263.249950,263.249950,263.249950,263.249950,263.249950,263.249950,263.249950,263.249950,263.249950,263.249950,263.249950,263.249950,263.249950,263.249950,263.249950,263.249950,263.249950,263.249950,263.249950,263.249950,263.249950,263.249950,263.249950,263.249950,263.249950,263.249950,263.249950,263.249950,263.249950,263.249950,263.249950,263.249950,263.249950,263.249950,263.249950,263.249950,263.249950,263.249950,263.249950,263.249950,263.249950,263.249950,263.249950,263.249950,263.249950,263.249950,263.249950,263.249950,263.249950,263.249950,263.249950,263.249950,263.249950,263.249950,263.249950,263.249950,263.249950,263.249950,263.249950,263.250010,263.249950,263.249950,263.249950,263.249950,263.249950,263.249950,263.249950,263.249950
Auto,LHAD001740,50,3.11.2.2.1,New,5,7,0.000000,Inf,-0.894,0.744,17.7,18.5,18.1,19.1,19.1,19.1,1.0,4.270,15.00,259.425364,259.426665,259.425735,259.424310,259.424744,259.474769,-0.005819,A,6,,Slot_06(mA),7.355843,8.636160,1.049471,-3.316278,-1.996412,1.101789,1.396112,0.355196,-0.400324,0.227251,0.336599,0.039549,-0.278826,0.127945,0.433054,-0.375900,-0.327177,0.363750,0.116539,0.333624,-0.194521,-0.177784,0.663528,0.124722,-0.380116,-0.031862,0.281305,-0.212002,-0.332012,0.004711,0.475950,0.150757,-0.587530,-0.366974,0.440245,0.574884,-0.187206,0.084553,0.152493,0.024548,-0.414333,-0.227623,0.537567,0.137987,-0.493927,-0.584059,0.392761,0.617781,-0.156460,-0.375528,0.137491,0.428839,-0.057402,-0.477066,-0.027523,0.445452,0.418053,-0.233078,-0.913715,-0.262833,0.654106,0.359783,-0.420160,-0.315647,0.181627,0.235062,0.356684,0.143690,-0.468884,-0.384331,0.176792,,Slot_06(mV),259.474640,259.474770,259.474770,259.474770,259.474770,259.474770,259.474770,259.474770,259.474770,259.474770,259.474770,259.474770,259.474770,259.474770,259.474770,259.474770,259.474770,259.474770,259.474770,259.474770,259.474770,259.474770,259.474770,259.474770,259.474770,259.474770,259.474770,259.474770,259.474770,259.474770,259.474770,259.474770,259.474770,259.474770,259.474770,259.474770,259.474770,259.474770,259.474770,259.474770,259.474770,259.474770,259.474770,259.474770,259.474770,259.474770,259.474770,259.474770,259.474770,259.474770,259.474770,259.474770,259.474770,259.474770,259.474770,259.474770,259.474770,259.474770,259.474770,259.474770,259.474770,259.474770,259.474830,259.474770,259.474770,259.474770,259.474770,259.474770,259.474770,259.474770,259.474770
Auto,LHAD001740,50,3.11.2.2.1,New,5,7,0.000000,Inf,-0.894,0.744,17.7,18.5,18.1,19.1,19.1,19.1,1.0,4.270,15.00,262.350430,262.351608,262.350678,262.349749,262.349749,262.399769,0.037284,A,7,,Slot_07(mA),7.701740,9.034128,1.181011,-3.276854,-1.876030,1.184855,1.641960,0.322714,-0.376520,0.287752,0.590134,-0.033846,-0.308332,0.196753,0.531492,-0.221796,-0.410366,0.476322,0.153732,0.447187,0.117159,-0.371809,0.703945,0.116663,-0.426855,0.177040,0.214977,-0.091248,-0.280190,0.090256,0.460949,0.339823,-0.499630,-0.409746,0.508804,0.657578,-0.059881,0.034962,0.150137,0.209770,-0.516739,-0.256138,0.671587,0.185347,-0.623484,-0.303497,0.296307,0.593109,0.042648,-0.340195,0.175056,0.479050,0.103397,-0.439997,-0.082073,0.595465,0.393505,-0.218449,-0.883837,-0.182247,0.782919,0.325193,-0.513763,-0.202084,0.336847,0.106869,0.371561,0.260229,-0.434294,-0.415077,0.294571,,Slot_07(mV),262.399650,262.399770,262.399770,262.399770,262.399770,262.399770,262.399770,262.399770,262.399770,262.399770,262.399770,262.399770,262.399770,262.399770,262.399770,262.399770,262.399770,262.399770,262.399770,262.399770,262.399770,262.399770,262.399770,262.399770,262.399770,262.399770,262.399770,262.399770,262.399770,262.399770,262.399770,262.399770,262.399770,262.399770,262.399770,262.399770,262.399770,262.399770,262.399770,262.399770,262.399770,262.399770,262.399770,262.399770,262.399770,262.399770,262.399770,262.399770,262.399770,262.399770,262.399770,262.399770,262.399770,262.399770,262.399770,262.399770,262.399770,262.399770,262.399770,262.399770,262.399770,262.399770,262.399840,262.399770,262.399770,262.399770,262.399770,262.399770,262.399770,262.399770,262.399770
Auto,LHAD001740,50,3.11.2.2.1,New,5,7,0.000000,Inf,-0.894,0.744,17.7,18.5,18.1,19.1,19.1,19.1,1.0,4.270,15.00,262.947073,262.948189,262.947383,262.945833,262.946205,262.996229,-0.001810,A,8,,Slot_08(mA),7.044659,8.888454,1.336851,-3.480921,-1.781559,0.995417,1.479921,0.384455,-0.396109,0.255518,0.521202,-0.055666,-0.414705,0.169849,0.436153,-0.375528,-0.393877,0.407019,0.193653,0.295067,-0.041533,-0.306101,0.568066,0.222416,-0.399952,-0.036573,0.290108,-0.209646,-0.318127,0.121250,0.409250,0.131788,-0.493679,-0.409126,0.380983,0.639105,-0.177288,0.069427,0.308704,0.105505,-0.532980,-0.326681,0.719070,0.036573,-0.449915,-0.582819,0.394249,0.563354,-0.057774,-0.320358,0.053806,0.379248,0.174932,-0.373049,-0.195389,0.455246,0.459461,-0.319490,-0.901194,-0.277834,0.778456,0.326309,-0.485744,-0.298290,0.330029,0.202827,0.254774,0.324697,-0.497150,-0.575132,0.153484,,Slot_08(mV),262.996110,262.996230,262.996230,262.996230,262.996230,262.996230,262.996230,262.996230,262.996230,262.996230,262.996230,262.996230,262.996230,262.996230,262.996230,262.996230,262.996230,262.996230,262.996230,262.996230,262.996230,262.996230,262.996230,262.996230,262.996230,262.996230,262.996230,262.996230,262.996230,262.996230,262.996230,262.996230,262.996230,262.996230,262.996230,262.996230,262.996230,262.996230,262.996230,262.996230,262.996230,262.996230,262.996230,262.996230,262.996230,262.996230,262.996230,262.996230,262.996230,262.996230,262.996230,262.996230,262.996230,262.996230,262.996230,262.996230,262.996230,262.996230,262.996230,262.996230,262.996230,262.996230,262.996290,262.996230,262.996230,262.996230,262.996230,262.996230,262.996230,262.996230,262.996230
Auto,LHAD001740,50,3.11.2.2.1,New,5,7,0.000000,Inf,-0.894,0.744,17.7,18.5,18.1,19.1,19.1,19.1,1.0,4.270,15.00,262.055984,262.056913,262.055984,262.055240,262.055550,262.105567,0.097798,A,9,,Slot_09(mA),7.457628,9.051485,1.130304,-3.243628,-1.804991,1.233950,1.619396,0.379372,-0.178776,0.309572,0.579967,0.006199,-0.277462,0.307713,0.524797,-0.213490,-0.417557,0.681629,0.204439,0.297422,0.175056,-0.251303,0.788498,0.245476,-0.259485,0.110836,0.270271,-0.028887,-0.258741,0.062361,0.600176,0.141582,-0.319242,-0.291471,0.469503,0.741634,-0.029631,0.139599,0.291719,0.254898,-0.475082,-0.133276,0.648279,0.237789,-0.454750,-0.478926,0.534716,0.698986,-0.024176,-0.186214,0.203695,0.583935,0.110092,-0.294695,-0.062113,0.579596,0.539799,-0.203819,-0.819988,-0.266304,0.860777,0.548849,-0.305481,-0.273495,0.433798,0.249195,0.432558,0.354080,-0.340939,-0.408010,0.169973,,Slot_09(mV),262.105450,262.105570,262.105570,262.105570,262.105570,262.105570,262.105570,262.105570,262.105570,262.105570,262.105570,262.105570,262.105570,262.105570,262.105570,262.105570,262.105570,262.105570,262.105570,262.105570,262.105570,262.105570,262.105570,262.105570,262.105570,262.105570,262.105570,262.105570,262.105570,262.105570,262.105570,262.105570,262.105570,262.105570,262.105570,262.105570,262.105570,262.105570,262.105570,262.105570,262.105570,262.105570,262.105570,262.105570,262.105570,262.105570,262.105570,262.105570,262.105570,262.105570,262.105570,262.105570,262.105570,262.105570,262.105570,262.105570,262.105570,262.105570,262.105570,262.105570,262.105570,262.105570,262.105570,262.105570,262.105570,262.105510,262.105570,262.105570,262.105570,262.105570,262.105570
Auto,LHAD001740,50,3.11.2.2.1,New,5,7,0.000000,Inf,-0.894,0.744,17.7,18.5,18.1,19.1,19.1,19.1,1.0,4.270,15.00,261.289864,261.290731,261.290050,261.289678,261.289802,261.339827,0.113861,A,10,,Slot_10(mA),7.788153,9.154882,1.153116,-3.253298,-1.843176,1.219320,1.628199,0.466528,-0.168238,0.326805,0.694523,0.064840,-0.227995,0.321102,0.508928,-0.244856,-0.188322,0.552816,0.169973,0.450659,0.140715,-0.181751,0.802879,0.274115,-0.362015,0.165634,0.404415,0.040417,-0.290976,0.172329,0.570793,0.214357,-0.272999,-0.447187,0.658445,0.693407,0.106993,0.081205,0.364618,0.215225,-0.504217,-0.055418,0.735683,0.336351,-0.535955,-0.382099,0.448303,0.649767,0.023184,-0.280437,0.294323,0.586786,0.187454,-0.386438,-0.002232,0.717335,0.507069,-0.250435,-0.752916,-0.197372,0.836849,0.436649,-0.294571,-0.213985,0.291471,0.256634,0.568810,0.378628,-0.262957,-0.556908,0.332260,,Slot_10(mV),261.339700,261.339830,261.339830,261.339830,261.339830,261.339830,261.339830,261.339830,261.339830,261.339830,261.339830,261.339830,261.339830,261.339830,261.339830,261.339830,261.339830,261.339830,261.339830,261.339830,261.339830,261.339830,261.339830,261.339830,261.339830,261.339830,261.339830,261.339830,261.339830,261.339830,261.339830,261.339830,261.339830,261.339830,261.339830,261.339830,261.339830,261.339830,261.339830,261.339830,261.339830,261.339830,261.339830,261.339830,261.339830,261.339830,261.339830,261.339830,261.339830,261.339830,261.339830,261.339830,261.339830,261.339830,261.339830,261.339830,261.339830,261.339830,261.339830,261.339830,261.339830,261.339830,261.339830,261.339830,261.339830,261.339760,261.339830,261.339830,261.339830,261.339830,261.339830
Auto,LHAD001740,50,3.11.2.2.1,New,5,7,0.000000,Inf,-0.894,0.744,17.7,18.5,18.1,19.1,19.1,19.1,1.0,4.270,15.00,261.381545,261.382599,261.381855,261.380863,261.381049,261.431067,0.071304,A,11,,Slot_11(mA),7.472506,9.012804,1.099682,-3.311691,-1.828918,1.197004,1.638737,0.323706,-0.190306,0.251055,0.602036,0.043888,-0.257998,0.240517,0.529633,-0.241756,-0.275726,0.567818,0.113440,0.298290,0.144682,-0.270767,0.842056,0.174065,-0.369701,0.078974,0.439997,-0.170469,-0.232582,0.122118,0.572901,0.252047,-0.506697,-0.339699,0.486612,0.717583,-0.040169,0.084801,0.363998,0.158072,-0.483513,-0.191793,0.587158,0.381479,-0.488472,-0.427971,0.398712,0.643692,-0.027027,-0.277214,0.315647,0.408878,0.134888,-0.371313,-0.137615,0.536575,0.606871,-0.176172,-0.818624,-0.264320,0.863504,0.429335,-0.393877,-0.231590,0.417557,0.153484,0.452766,0.236177,-0.321226,-0.523806,0.223408,,Slot_11(mV),261.430950,261.431070,261.431070,261.431070,261.431070,261.431070,261.431070,261.431070,261.431070,261.431070,261.431070,261.431070,261.431070,261.431070,261.431070,261.431070,261.431070,261.431070,261.431070,261.431070,261.431070,261.431070,261.431070,261.431070,261.431070,261.431070,261.431070,261.431070,261.431070,261.431070,261.431070,261.431070,261.431070,261.431070,261.431070,261.431070,261.431070,261.431070,261.431070,261.431070,261.431070,261.431070,261.431070,261.431070,261.431070,261.431070,261.431070,261.431070,261.431070,261.431070,261.431070,261.431070,261.431070,261.431070,261.431070,261.431070,261.431070,261.431070,261.431070,261.431070,261.431070,261.431070,261.431070,261.431070,261.431070,261.431010,261.431070,261.431070,261.431070,261.431070,261.431070
Auto,LHAD001740,50,3.11.2.2.1,New,5,7,0.000000,Inf,-0.894,0.744,17.7,18.5,18.1,19.1,19.1,19.1,1.0,4.270,15.00,264.968777,264.969893,264.969397,264.967723,264.967971,265.017998,0.115597,A,12,,Slot_12(mA),7.796707,9.081488,1.177912,-3.335743,-1.733580,1.192045,1.659565,0.278330,-0.178900,0.374908,0.719690,0.095959,-0.263329,0.225019,0.577736,-0.405903,-0.100298,0.501862,0.320606,0.402431,0.012646,-0.112944,0.786018,0.314283,-0.432682,0.112572,0.334244,0.006819,-0.192165,0.196257,0.566206,0.229607,-0.376024,-0.361147,0.593729,0.718699,0.022936,0.142698,0.321102,0.254154,-0.535336,-0.068312,0.762959,0.094595,-0.401688,-0.484505,0.410118,0.827427,-0.016117,-0.225391,0.323582,0.583563,0.141706,-0.325937,-0.045748,0.597820,0.665264,-0.224771,-0.759735,-0.223904,0.803499,0.537443,-0.363998,-0.249195,0.450039,0.198364,0.642204,0.290604,-0.358419,-0.448675,0.335112,,Slot_12(mV),265.017870,265.018000,265.018000,265.018000,265.018000,265.018000,265.018000,265.018000,265.018000,265.018000,265.018000,265.018000,265.018000,265.018000,265.018000,265.018000,265.018000,265.018000,265.018000,265.018000,265.018000,265.018000,265.018000,265.018000,265.018000,265.018000,265.018000,265.018000,265.018000,265.018000,265.018000,265.018000,265.018000,265.018000,265.018000,265.018000,265.018000,265.018000,265.018000,265.018000,265.018000,265.018000,265.018000,265.018000,265.018000,265.018000,265.018000,265.018000,265.018000,265.018000,265.018000,265.018000,265.018000,265.018000,265.018000,265.018000,265.018000,265.018000,265.018000,265.018000,265.018000,265.018000,265.018000,265.018000,265.018000,265.018000,265.018000,265.018000,265.018000,265.018000,265.018000
Auto,LHAD001740,50,3.11.2.2.1,New,5,7,0.000000,Inf,-0.894,0.744,17.7,18.5,18.1,19.1,19.1,19.1,1.0,4.270,15.00,263.175316,263.176618,263.175812,263.174696,263.175192,263.225218,0.012584,A,13,,Slot_13(mA),7.899733,8.816671,1.002359,-3.234701,-1.743374,1.080961,1.529016,0.340567,-0.196381,0.145302,0.487728,0.085917,-0.346022,0.181751,0.425243,-0.564966,-0.111704,0.485620,-0.064592,0.466652,-0.052567,-0.200100,0.610218,0.166378,-0.472851,0.075874,0.296183,-0.124969,-0.445204,0.162039,0.468636,0.036697,-0.513144,-0.324450,0.446939,0.546618,-0.087156,0.118275,0.244732,0.013266,-0.764694,-0.060749,0.701714,-0.002356,-0.626583,-0.342798,0.370321,0.478926,0.004091,-0.392141,0.159063,0.467148,0.069180,-0.384579,-0.232086,0.570917,0.366478,-0.245104,-0.934544,-0.301514,0.734816,0.292711,-0.313911,-0.381231,0.321226,0.196629,0.413094,0.174932,-0.434294,-0.444088,0.152245,,Slot_13(mV),263.225090,263.225220,263.225220,263.225220,263.225220,263.225220,263.225220,263.225220,263.225220,263.225220,263.225220,263.225220,263.225220,263.225220,263.225220,263.225220,263.225220,263.225220,263.225220,263.225220,263.225220,263.225220,263.225220,263.225220,263.225220,263.225220,263.225220,263.225220,263.225220,263.225220,263.225220,263.225220,263.225220,263.225220,263.225220,263.225220,263.225220,263.225220,263.225220,263.225220,263.225220,263.225220,263.225220,263.225220,263.225220,263.225220,263.225220,263.225220,263.225220,263.225220,263.225220,263.225220,263.225220,263.225220,263.225220,263.225220,263.225220,263.225220,263.225220,263.225220,263.225220,263.225220,263.225220,263.225220,263.225220,263.225220,263.225220,263.225220,263.225220,263.225220,263.225220
Auto,LHAD001740,50,3.11.2.2.1,New,5,7,0.000000,Inf,-0.894,0.744,17.7,18.5,18.1,19.1,19.1,19.1,1.0,4.270,15.00,263.262534,263.263774,263.263030,263.262038,263.261976,263.311999,-0.020948,A,14,,Slot_14(mA),7.904692,8.836012,0.968513,-3.398848,-1.713123,0.965290,1.498642,0.245228,-0.261345,0.231714,0.418177,-0.030870,-0.320358,0.085173,0.543022,-0.542402,-0.256758,0.414333,0.030746,0.305853,-0.151253,-0.224648,0.774736,-0.048847,-0.474958,0.111704,0.213614,-0.176792,-0.297050,0.079718,0.457478,-0.005207,-0.512896,-0.447807,0.309820,0.575380,-0.084925,0.093355,0.156956,0.106497,-0.732956,-0.178404,0.669603,-0.005827,-0.525789,-0.567322,0.388174,0.583315,-0.139723,-0.318251,0.019341,0.439129,-0.044384,-0.379372,-0.201712,0.522938,0.403423,-0.370817,-0.832138,-0.321846,0.579596,0.345154,-0.460701,-0.275974,0.245104,0.099554,0.393629,0.203199,-0.561743,-0.538559,0.201960,,Slot_14(mV),263.311880,263.312000,263.312000,263.312000,263.312000,263.312000,263.312000,263.312000,263.312000,263.312000,263.312000,263.312000,263.312000,263.312000,263.312000,263.312000,263.312000,263.312060,263.312000,263.312000,263.312000,263.312000,263.312000,263.312000,263.312000,263.312000,263.312000,263.312000,263.312000,263.312000,263.312000,263.312000,263.312000,263.312000,263.312000,263.312000,263.312000,263.312000,263.312000,263.312000,263.312000,263.312000,263.312000,263.312000,263.312000,263.312000,263.312000,263.312000,263.312000,263.312000,263.312000,263.312000,263.312000,263.312000,263.312000,263.312000,263.312000,263.312000,263.312000,263.312000,263.312000,263.312000,263.312000,263.312000,263.312000,263.312000,263.312000,263.312000,263.312000,263.312000,263.312000
Auto,LHAD001740,50,3.11.2.2.1,New,5,7,0.000000,Inf,-0.894,0.744,17.7,18.5,18.1,19.1,19.1,19.1,1.0,4.270,15.00,261.318502,261.319866,261.319060,261.317325,261.318130,261.368158,0.015956,A,15,,Slot_15(mA),7.461100,8.550987,1.234074,-3.393393,-1.503105,1.033602,1.406651,0.385323,-0.187826,0.267172,0.417433,-0.059137,-0.274363,0.237169,0.481033,-0.465660,-0.266924,0.434542,0.127077,0.453882,-0.163279,-0.240269,0.627451,0.150509,-0.462933,0.152740,0.197372,-0.277958,-0.289612,0.146666,0.430698,0.187330,-0.520706,-0.342798,0.323334,0.621500,-0.053558,0.127449,0.173693,0.200224,-0.748329,-0.127077,0.509672,0.147533,-0.547237,-0.401316,0.329905,0.645924,-0.152617,-0.359535,0.171957,0.525293,0.022688,-0.382099,-0.145674,0.481777,0.498514,-0.350981,-0.905905,-0.202827,0.748577,0.140963,-0.210266,-0.375528,0.273247,0.224028,0.432682,0.267544,-0.606127,-0.410490,0.236053,,Slot_15(mV),261.368030,261.368160,261.368160,261.368160,261.368160,261.368160,261.368160,261.368160,261.368160,261.368090,261.368160,261.368160,261.368160,261.368160,261.368160,261.368160,261.368160,261.368220,261.368160,261.368160,261.368160,261.368160,261.368160,261.368160,261.368160,261.368160,261.368160,261.368160,261.368160,261.368160,261.368160,261.368160,261.368160,261.368160,261.368160,261.368160,261.368160,261.368160,261.368160,261.368160,261.368160,261.368160,261.368160,261.368160,261.368160,261.368160,261.368160,261.368160,261.368160,261.368160,261.368160,261.368160,261.368160,261.368160,261.368160,261.368160,261.368160,261.368160,261.368160,261.368160,261.368160,261.368160,261.368160,261.368160,261.368160,261.368160,261.368160,261.368160,261.368160,261.368160,261.368160
Auto,LHAD001740,50,3.11.2.2.1,New,5,7,0.000000,Inf,-0.894,0.744,17.7,18.5,18.1,19.1,19.1,19.1,1.0,4.270,15.00,262.291603,262.292471,262.291727,262.290859,262.291169,262.341188,0.027858,A,16,,Slot_16(mA),7.980690,8.772411,1.116543,-3.236561,-1.783295,1.161423,1.463060,0.303869,-0.242128,0.337715,0.522938,-0.104513,-0.223532,0.243492,0.381851,-0.394497,-0.200472,0.380239,0.024920,0.492935,-0.064468,-0.189066,0.742874,0.090504,-0.332756,0.059261,0.336723,-0.141954,-0.378752,0.154972,0.561991,0.081701,-0.542526,-0.353460,0.478430,0.564098,-0.024176,0.121498,0.191050,0.099182,-0.556164,-0.075378,0.517607,0.116043,-0.463676,-0.477066,0.352716,0.531368,-0.070667,-0.315771,0.191174,0.435905,0.178280,-0.427847,-0.097942,0.457230,0.481529,-0.224276,-0.852222,-0.391521,0.979300,0.190926,-0.397100,-0.310316,0.330029,0.112820,0.429955,0.177536,-0.374165,-0.544758,0.376024,,Slot_16(mV),262.341070,262.341190,262.341190,262.341190,262.341190,262.341190,262.341190,262.341190,262.341190,262.341130,262.341190,262.341190,262.341190,262.341190,262.341190,262.341190,262.341190,262.341260,262.341190,262.341190,262.341190,262.341190,262.341190,262.341190,262.341190,262.341190,262.341190,262.341190,262.341190,262.341190,262.341190,262.341190,262.341190,262.341190,262.341190,262.341190,262.341190,262.341190,262.341190,262.341190,262.341190,262.341190,262.341190,262.341190,262.341190,262.341190,262.341190,262.341190,262.341190,262.341190,262.341190,262.341190,262.341190,262.341190,262.341190,262.341190,262.341190,262.341190,262.341190,262.341190,262.341190,262.341190,262.341190,262.341190,262.341190,262.341190,262.341190,262.341190,262.341190,262.341190,262.341190
Auto,LHAD001740,50,3.11.2.2.1,New,5,7,0.000000,Inf,-0.894,0.744,17.7,18.5,18.1,19.1,19.1,19.1,1.0,4.270,15.00,261.315713,261.316581,261.315961,261.314473,261.315155,261.365177,0.027387,A,17,,Slot_17(mA),7.735586,8.739805,1.085548,-3.256521,-1.695023,1.102533,1.465292,0.332136,-0.314407,0.423012,0.495167,0.023184,-0.269527,0.219936,0.482025,-0.490580,-0.120382,0.303745,0.142450,0.466404,-0.178032,-0.107737,0.680513,0.105133,-0.233450,0.107985,0.245228,-0.201092,-0.375652,0.209522,0.510292,0.124226,-0.522318,-0.373421,0.552816,0.565462,-0.141335,0.103397,0.263453,0.096331,-0.569181,-0.074015,0.560131,0.036449,-0.496531,-0.449915,0.426855,0.619268,-0.219812,-0.218201,0.132904,0.516863,0.094099,-0.409498,-0.130424,0.548353,0.572653,-0.398216,-0.895615,-0.299778,0.857925,0.267668,-0.395613,-0.214357,0.241013,0.167618,0.444460,0.247087,-0.457478,-0.487976,0.235682,,Slot_17(mV),261.365060,261.365180,261.365180,261.365180,261.365180,261.365180,261.365180,261.365180,261.365180,261.365180,261.365180,261.365180,261.365180,261.365180,261.365180,261.365180,261.365240,261.365180,261.365180,261.365180,261.365180,261.365180,261.365240,261.365180,261.365180,261.365180,261.365180,261.365180,261.365180,261.365180,261.365180,261.365180,261.365180,261.365180,261.365180,261.365180,261.365180,261.365120,261.365180,261.365180,261.365180,261.365120,261.365180,261.365180,261.365180,261.365180,261.365180,261.365180,261.365180,261.365180,261.365180,261.365120,261.365180,261.365240,261.365180,261.365180,261.365180,261.365180,261.365180,261.365180,261.365180,261.365180,261.365180,261.365180,261.365180,261.365180,261.365180,261.365180,261.365120,261.365180,261.365180
Auto,LHAD001740,50,3.11.2.2.1,New,5,7,0.000000,Inf,-0.894,0.744,17.7,18.5,18.1,19.1,19.1,19.1,1.0,4.270,15.00,259.959149,259.960141,259.959211,259.957848,259.957972,260.007995,0.050178,A,18,,Slot_18(mA),7.714138,8.775387,1.041908,-3.179035,-1.704941,1.109972,1.426363,0.344906,-0.053310,0.209274,0.548725,-0.093727,-0.337467,0.356560,0.508556,-0.468264,-0.146542,0.448923,0.148153,0.459585,-0.083561,-0.191298,0.715475,0.136747,-0.345650,0.143814,0.318375,-0.138235,-0.373669,0.163031,0.583811,0.039301,-0.509920,-0.230970,0.513887,0.572033,-0.107489,0.221300,0.224771,0.165758,-0.586662,-0.071907,0.568933,0.203323,-0.544634,-0.431566,0.482769,0.547609,-0.094471,-0.350609,0.261221,0.561123,0.043020,-0.403671,-0.096207,0.666380,0.496902,-0.393133,-0.788994,-0.202951,0.888796,0.212498,-0.248699,-0.258245,0.217085,0.182123,0.490456,0.175180,-0.470247,-0.435038,0.298290,,Slot_18(mV),260.007870,260.008000,260.008000,260.008000,260.008000,260.008000,260.008000,260.008000,260.008000,260.008000,260.008000,260.008000,260.008000,260.008000,260.008000,260.008000,260.008060,260.008000,260.008000,260.008000,260.008000,260.008000,260.008000,260.008000,260.008000,260.008000,260.008000,260.008000,260.008000,260.008000,260.008000,260.008000,260.008000,260.008000,260.008000,260.008000,260.008000,260.007930,260.008000,260.008000,260.008000,260.007930,260.008000,260.008000,260.008000,260.008000,260.008000,260.008000,260.008000,260.008000,260.008000,260.007930,260.008000,260.008060,260.008000,260.008000,260.008000,260.008000,260.007930,260.008000,260.008000,260.008000,260.008000,260.008000,260.008000,260.008000,260.008000,260.008000,260.007930,260.008000,260.008000
Auto,LHAD001740,50,3.11.2.2.1,New,5,7,0.000000,Inf,-0.894,0.744,17.7,18.5,18.1,19.1,19.1,19.1,1.0,4.270,15.00,263.782001,263.783612,263.782744,263.781009,263.781195,263.831218,0.065307,A,19,,Slot_19(mA),8.221827,7.832537,1.037941,-2.730856,-1.456614,0.993929,1.314907,0.263329,-0.033102,0.428343,0.434294,-0.056906,-0.206795,0.288868,0.374289,-0.403175,0.028143,0.270643,0.110340,0.525045,-0.274982,0.111704,0.727625,-0.130177,-0.141582,0.235558,0.118895,-0.140095,-0.229855,0.230598,0.492935,0.157824,-0.529757,-0.275974,0.520830,0.659933,-0.202456,0.143938,0.433922,0.036325,-0.592861,0.058022,0.452766,0.167990,-0.564222,-0.198984,0.473595,0.488968,-0.134516,-0.271635,0.328665,0.504465,-0.057278,-0.343914,0.045128,0.659189,0.360031,-0.373545,-0.672455,-0.148525,0.853958,0.089884,-0.185223,-0.290356,0.285769,0.234318,0.555916,0.195017,-0.521698,-0.400200,0.368090,,Slot_19(mV),263.831100,263.831220,263.831220,263.831220,263.831220,263.831220,263.831220,263.831220,263.831220,263.831220,263.831220,263.831220,263.831220,263.831220,263.831220,263.831220,263.831220,263.831220,263.831220,263.831220,263.831220,263.831220,263.831280,263.831220,263.831220,263.831220,263.831220,263.831220,263.831220,263.831220,263.831220,263.831220,263.831220,263.831220,263.831220,263.831220,263.831220,263.831160,263.831220,263.831220,263.831220,263.831220,263.831220,263.831220,263.831220,263.831220,263.831220,263.831220,263.831220,263.831220,263.831220,263.831160,263.831220,263.831280,263.831220,263.831220,263.831220,263.831220,263.831220,263.831220,263.831220,263.831220,263.831220,263.831220,263.831220,263.831220,263.831220,263.831220,263.831220,263.831220,263.831220
Auto,LHAD001740,50,3.11.2.2.1,New,5,7,0.000000,Inf,-0.894,0.744,17.7,18.5,18.1,19.1,19.1,19.1,1.0,4.270,15.00,260.284095,260.285583,260.284963,260.282545,260.283351,260.333376,0.045764,A,20,,Slot_20(mA),8.117561,7.896757,0.851479,-2.907152,-1.431694,1.028643,1.396236,0.216341,-0.034466,0.399456,0.515871,-0.108852,-0.297050,0.308456,0.431566,-0.539179,0.055666,0.302877,0.191174,0.493431,-0.322838,-0.005579,0.751429,-0.137739,-0.152864,0.220060,0.244112,-0.278950,-0.132532,0.110836,0.593853,0.047483,-0.534344,-0.271015,0.553808,0.525169,-0.106745,0.166750,0.293455,0.065832,-0.608978,0.105753,0.398216,0.337963,-0.808086,-0.228739,0.485744,0.469751,-0.197124,-0.241880,0.324078,0.405903,-0.085917,-0.347261,-0.043640,0.600176,0.465288,-0.338335,-0.751429,-0.124474,0.718451,0.091124,-0.128689,-0.297546,0.174189,0.214357,0.612822,0.043516,-0.420656,-0.291719,0.231094,,Slot_20(mV),260.333250,260.333380,260.333380,260.333380,260.333380,260.333380,260.333380,260.333380,260.333380,260.333380,260.333380,260.333380,260.333380,260.333380,260.333380,260.333380,260.333380,260.333380,260.333380,260.333380,260.333380,260.333380,260.333380,260.333380,260.333380,260.333380,260.333380,260.333380,260.333380,260.333380,260.333380,260.333380,260.333380,260.333380,260.333380,260.333380,260.333380,260.333310,260.333380,260.333380,260.333380,260.333380,260.333380,260.333380,260.333380,260.333380,260.333380,260.333380,260.333380,260.333380,260.333380,260.333310,260.333380,260.333440,260.333380,260.333380,260.333380,260.333380,260.333310,260.333380,260.333380,260.333380,260.333380,260.333380,260.333380,260.333380,260.333380,260.333380,260.333380,260.333380,260.333380
Auto,LHAD001740,50,3.11.2.2.1,New,5,7,0.000000,Inf,-0.894,0.744,17.7,18.5,18.1,19.1,19.1,19.1,1.0,4.270,15.00,264.031878,264.032931,264.032497,264.030762,264.031196,264.081218,0.094496,A,21,,Slot_21(mA),9.476233,8.122396,1.113815,-2.602291,-1.300526,1.143570,1.374292,0.246096,0.109720,0.406027,0.481653,-0.008307,-0.215225,0.442352,0.542030,-0.533228,0.093851,0.355444,0.330029,0.519838,-0.332508,0.138607,0.684605,-0.014257,-0.012150,0.247459,0.284653,-0.135632,-0.301266,0.287008,0.643940,-0.032110,-0.467520,-0.131416,0.569925,0.541410,-0.102777,0.324697,0.282545,0.032234,-0.441732,0.136747,0.453510,0.338831,-0.559387,-0.360775,0.605755,0.477686,-0.109100,-0.246220,0.388794,0.447931,0.001116,-0.290356,0.096455,0.573645,0.542154,-0.383091,-0.631294,-0.084057,0.820732,0.010538,-0.115299,-0.134144,0.120630,0.283165,0.655718,0.146170,-0.448055,-0.346394,0.443468,,Slot_21(mV),264.081100,264.081220,264.081220,264.081220,264.081220,264.081220,264.081220,264.081220,264.081220,264.081220,264.081220,264.081220,264.081220,264.081220,264.081220,264.081220,264.081220,264.081220,264.081220,264.081220,264.081220,264.081220,264.081220,264.081220,264.081160,264.081220,264.081220,264.081220,264.081220,264.081220,264.081220,264.081220,264.081220,264.081220,264.081220,264.081220,264.081220,264.081220,264.081220,264.081220,264.081220,264.081220,264.081220,264.081220,264.081220,264.081220,264.081220,264.081220,264.081220,264.081220,264.081220,264.081220,264.081220,264.081220,264.081220,264.081220,264.081220,264.081220,264.081220,264.081220,264.081220,264.081220,264.081220,264.081280,264.081220,264.081220,264.081220,264.081220,264.081220,264.081220,264.081220
Auto,LHAD001740,50,3.11.2.2.1,New,5,7,0.000000,Inf,-0.894,0.744,17.7,18.5,18.1,19.1,19.1,19.1,1.0,4.270,15.00,264.677863,264.679289,264.678545,264.677119,264.677987,264.728008,-0.002116,A,22,,Slot_22(mA),8.677444,7.973747,1.065836,-2.786398,-1.397476,0.982151,1.282425,0.233946,-0.105381,0.371933,0.375032,-0.190926,-0.176916,0.279074,0.343418,-0.523186,-0.069675,0.295935,0.075254,0.474586,-0.227251,-0.077362,0.567322,-0.098562,-0.140219,0.069551,0.190926,-0.237045,-0.298662,0.125093,0.468140,-0.045376,-0.517979,-0.347385,0.562983,0.479546,-0.115795,0.018721,0.253038,-0.085917,-0.694895,0.080957,0.477562,0.160179,-0.689068,-0.429707,0.445700,0.468512,-0.113068,-0.339079,0.163527,0.341187,-0.064344,-0.512152,0.009422,0.523310,0.361023,-0.527897,-0.689440,-0.159311,0.738535,-0.034714,-0.279818,-0.285397,0.258493,0.097942,0.458841,0.107985,-0.518227,-0.438013,0.323582,,Slot_22(mV),264.727890,264.728010,264.728010,264.728010,264.728010,264.728010,264.728010,264.728010,264.728010,264.728010,264.728010,264.728010,264.728010,264.728010,264.728010,264.728010,264.728010,264.728010,264.728010,264.728010,264.728010,264.728010,264.728010,264.728010,264.728010,264.728010,264.728010,264.728010,264.728010,264.728010,264.728010,264.728010,264.728010,264.728010,264.728010,264.728010,264.728010,264.728010,264.728010,264.728010,264.728010,264.728010,264.728010,264.728010,264.728010,264.728010,264.728010,264.728010,264.728010,264.728010,264.728010,264.728010,264.728010,264.728010,264.728010,264.728010,264.728010,264.728010,264.727950,264.728010,264.728010,264.728010,264.728010,264.728070,264.728010,264.728010,264.728010,264.728010,264.728010,264.728010,264.728010
Auto,LHAD001740,50,3.11.2.2.1,New,5,7,0.000000,Inf,-0.894,0.744,17.7,18.5,18.1,19.1,19.1,19.1,1.0,4.270,15.00,260.262833,260.264010,260.263329,260.261469,260.261903,260.311929,0.097608,A,23,,Slot_23(mA),8.623142,7.935438,1.120138,-2.631178,-1.388798,1.057281,1.368713,0.296555,0.070667,0.422268,0.498018,0.001860,-0.238657,0.493307,0.351477,-0.421524,0.088272,0.363626,0.240021,0.537567,-0.106993,0.032234,0.651999,0.024052,-0.181255,0.293827,0.285025,-0.156708,-0.292711,0.384579,0.514011,0.108976,-0.546246,-0.140467,0.556288,0.556536,-0.078974,0.367346,0.195637,0.076990,-0.491695,0.137243,0.488968,0.261841,-0.639353,-0.130796,0.484629,0.560255,-0.195017,-0.130177,0.334988,0.400820,0.122738,-0.351725,0.086536,0.626211,0.420904,-0.353832,-0.616045,-0.078478,0.887184,0.100050,-0.265684,-0.109348,0.242500,0.286636,0.499506,0.227375,-0.446692,-0.277338,0.354328,,Slot_23(mV),260.311800,260.311930,260.311930,260.311930,260.311930,260.311930,260.311930,260.311930,260.311930,260.311930,260.311930,260.311930,260.311930,260.311930,260.311930,260.311930,260.311930,260.311930,260.311930,260.311930,260.311930,260.311930,260.311930,260.311930,260.311930,260.311930,260.311930,260.311930,260.311930,260.311930,260.311930,260.311930,260.311930,260.311930,260.311930,260.311930,260.311930,260.311930,260.311930,260.311930,260.311930,260.311930,260.311930,260.311930,260.311930,260.311930,260.311930,260.311930,260.311930,260.311930,260.311930,260.311930,260.311930,260.311930,260.311930,260.311930,260.311930,260.311930,260.311930,260.311930,260.311930,260.311930,260.311930,260.311990,260.311930,260.311930,260.311930,260.311930,260.311930,260.311930,260.311930
Auto,LHAD001740,50,3.11.2.2.1,New,5,7,0.000000,Inf,-0.894,0.744,17.7,18.5,18.1,19.1,19.1,19.1,1.0,4.270,15.00,261.780071,261.781497,261.780939,261.779141,261.779141,261.829169,0.037090,A,24,,Slot_24(mA),8.613224,7.880020,0.925989,-2.665644,-1.385946,0.977936,1.275358,0.095091,0.061617,0.404167,0.360899,-0.125961,-0.202332,0.384207,0.268288,-0.513639,0.026779,0.278454,0.038061,0.662537,-0.305853,0.003347,0.654106,-0.048351,-0.217333,0.193157,0.165510,-0.184727,-0.242500,0.165138,0.566578,0.009050,-0.674314,-0.136995,0.520830,0.488472,-0.218325,0.323086,0.248823,-0.054550,-0.657949,0.199604,0.415077,0.162287,-0.695019,-0.296679,0.558395,0.500746,-0.167618,-0.303993,0.303373,0.398464,-0.021820,-0.468140,0.141335,0.471115,0.294199,-0.287132,-0.775480,-0.157204,0.818129,-0.029507,-0.229483,-0.194149,0.185966,0.238037,0.546741,0.083561,-0.556784,-0.335360,0.314035,,Slot_24(mV),261.829040,261.829170,261.829170,261.829170,261.829170,261.829170,261.829170,261.829170,261.829170,261.829170,261.829170,261.829170,261.829170,261.829170,261.829170,261.829170,261.829170,261.829170,261.829170,261.829170,261.829170,261.829170,261.829170,261.829170,261.829170,261.829170,261.829170,261.829170,261.829170,261.829170,261.829170,261.829170,261.829170,261.829170,261.829170,261.829170,261.829170,261.829170,261.829170,261.829170,261.829170,261.829170,261.829170,261.829170,261.829170,261.829170,261.829170,261.829170,261.829170,261.829170,261.829170,261.829170,261.829170,261.829170,261.829170,261.829170,261.829170,261.829170,261.829170,261.829170,261.829170,261.829170,261.829170,261.829230,261.829170,261.829170,261.829170,261.829170,261.829170,261.829170,261.829170
Auto,LHAD001740,50,3.11.2.2.1,New,5,7,0.000000,Inf,-0.894,0.744,17.7,18.5,18.1,19.1,19.1,19.1,1.0,4.270,15.00,261.135573,261.136999,261.136131,261.134582,261.134396,261.184418,0.088156,A,25,,Slot_25(mA),8.649921,7.595243,0.816021,-2.641964,-1.165762,1.059265,1.257753,0.154848,-0.006199,0.557156,0.464420,-0.083685,-0.137367,0.475826,0.385571,-0.589018,0.318127,0.190802,0.219316,0.558519,-0.292091,0.183735,0.596085,-0.034962,-0.178900,0.306969,0.297422,-0.215101,-0.256758,0.451651,0.520954,0.061245,-0.545874,-0.105629,0.672083,0.495663,-0.226507,0.451279,0.177412,0.022192,-0.663900,0.359907,0.263700,0.277958,-0.602283,-0.177412,0.658445,0.388174,-0.207043,-0.098810,0.355444,0.504093,-0.114307,-0.470991,0.259113,0.669975,0.325441,-0.456238,-0.518351,-0.055666,0.829411,-0.097198,-0.100174,-0.094347,0.058146,0.249195,0.767174,0.053434,-0.577736,-0.183859,0.379496,,Slot_25(mV),261.184300,261.184420,261.184420,261.184420,261.184420,261.184420,261.184420,261.184420,261.184420,261.184420,261.184420,261.184420,261.184420,261.184420,261.184420,261.184420,261.184420,261.184420,261.184420,261.184420,261.184420,261.184420,261.184420,261.184420,261.184420,261.184420,261.184420,261.184420,261.184420,261.184420,261.184420,261.184420,261.184420,261.184420,261.184420,261.184420,261.184420,261.184420,261.184420,261.184420,261.184420,261.184420,261.184420,261.184420,261.184420,261.184420,261.184420,261.184420,261.184420,261.184420,261.184420,261.184420,261.184420,261.184420,261.184420,261.184420,261.184420,261.184420,261.184420,261.184420,261.184420,261.184420,261.184420,261.184420,261.184420,261.184420,261.184420,261.184420,261.184420,261.184420,261.184420
Auto,LHAD001740,50,3.11.2.2.1,New,5,7,0.000000,Inf,-0.894,0.744,17.7,18.5,18.1,19.1,19.1,19.1,1.0,4.270,15.00,262.998896,263.000259,262.999268,262.997346,262.997656,263.047681,0.103145,A,26,,Slot_26(mA),8.471022,7.460976,0.852718,-2.521706,-1.265936,1.127329,1.212873,0.148277,0.036697,0.637245,0.333004,-0.142946,-0.097570,0.456982,0.421524,-0.647287,0.291100,0.204315,0.118647,0.665636,-0.280685,0.145922,0.721178,-0.162783,-0.061493,0.314655,0.181875,-0.266676,-0.124846,0.306349,0.535088,0.154104,-0.714607,0.066948,0.716715,0.407143,-0.140343,0.408134,0.221920,-0.028391,-0.695019,0.397472,0.298786,0.328293,-0.616045,-0.142078,0.604019,0.502605,-0.364990,-0.042152,0.442600,0.499010,-0.198240,-0.306845,0.191174,0.701218,0.374165,-0.471983,-0.603771,-0.094347,0.911112,-0.101786,-0.071535,-0.067196,0.138979,0.283413,0.809698,0.007563,-0.573273,-0.234814,0.493307,,Slot_26(mV),263.047560,263.047680,263.047680,263.047740,263.047680,263.047680,263.047680,263.047680,263.047680,263.047680,263.047680,263.047680,263.047680,263.047680,263.047680,263.047680,263.047680,263.047680,263.047680,263.047680,263.047740,263.047680,263.047740,263.047680,263.047680,263.047680,263.047680,263.047680,263.047680,263.047680,263.047680,263.047680,263.047680,263.047680,263.047680,263.047680,263.047680,263.047680,263.047680,263.047680,263.047680,263.047680,263.047680,263.047680,263.047680,263.047680,263.047680,263.047680,263.047680,263.047680,263.047680,263.047680,263.047680,263.047680,263.047680,263.047680,263.047680,263.047680,263.047680,263.047680,263.047680,263.047680,263.047680,263.047680,263.047680,263.047680,263.047680,263.047680,263.047680,263.047680,263.047680
Auto,LHAD001740,50,3.11.2.2.1,New,5,7,0.000000,Inf,-0.894,0.744,17.7,18.5,18.1,19.1,19.1,19.1,1.0,4.270,15.00,260.425305,260.427413,260.425863,260.424066,260.424995,260.475018,0.046016,A,27,,Slot_27(mA),8.244019,7.385473,0.897722,-2.592001,-1.241140,0.900326,1.107616,0.268908,-0.026903,0.532980,0.356808,-0.299282,-0.225391,0.432806,0.339823,-0.518847,0.187206,0.069304,0.191917,0.735312,-0.583439,0.257626,0.575752,-0.121498,-0.212498,0.379000,0.139351,-0.330524,-0.335979,0.368958,0.478802,-0.007315,-0.625343,-0.080709,0.685101,0.372305,-0.279446,0.323582,0.347137,-0.131292,-0.810070,0.351725,0.311308,0.223780,-0.687208,-0.267916,0.615425,0.413713,-0.351849,-0.083685,0.271511,0.505209,-0.122366,-0.476570,0.151625,0.590630,0.421524,-0.466652,-0.712748,-0.155096,0.876398,-0.308208,-0.084801,-0.109596,0.050955,0.285273,0.573645,0.047731,-0.627823,-0.286636,0.431194,,Slot_27(mV),260.474900,260.475020,260.475020,260.475020,260.475020,260.475020,260.475020,260.475020,260.475020,260.475020,260.475020,260.475020,260.475020,260.475020,260.475020,260.475020,260.475020,260.475020,260.475020,260.475020,260.475020,260.475020,260.475020,260.475020,260.475020,260.475020,260.475020,260.475020,260.475020,260.475020,260.475020,260.475020,260.475020,260.475020,260.475020,260.475020,260.475020,260.475020,260.475020,260.475020,260.475020,260.475020,260.475020,260.475020,260.475020,260.475020,260.475020,260.475020,260.475020,260.475020,260.475020,260.475020,260.475020,260.475020,260.475020,260.475020,260.475020,260.475020,260.475020,260.475020,260.475020,260.475020,260.475020,260.475020,260.475020,260.475020,260.475020,260.475020,260.475020,260.475020,260.475020
Auto,LHAD001740,50,3.11.2.2.1,New,5,7,0.000000,Inf,-0.894,0.744,17.7,18.5,18.1,19.1,19.1,19.1,1.0,4.270,15.00,225.473585,225.474825,225.473585,225.472097,225.472345,225.522824,0.064506,T,28,,Slot_28(mA),8.542185,7.350264,1.470499,-0.058889,0.035210,0.035086,0.035334,0.035582,0.035210,0.034838,0.034962,0.035582,0.035458,0.035582,0.035582,0.035954,0.036325,0.036077,0.036325,0.035334,0.035706,0.035334,0.035334,0.035582,0.035954,0.035706,0.035582,0.035334,0.035458,0.035954,0.035830,0.035954,0.035458,0.036201,0.035706,0.035458,0.043764,1.296558,0.002604,0.116787,0.016365,0.035954,0.035582,0.035706,0.035086,0.035334,0.035830,0.035830,0.035334,0.035458,0.035334,0.035334,0.035210,0.054798,0.040293,0.710640,0.293951,-0.055790,0.036077,0.035582,0.035706,0.035582,0.035086,0.035458,0.036077,0.035582,0.036573,0.036325,0.036077,0.035830,0.035334,,Slot_28(mV),225.520510,225.522430,225.522930,225.530430,225.538360,225.534580,225.527700,225.526030,225.526460,225.524350,225.522930,225.523550,225.525100,225.523420,225.520940,225.522490,225.524040,225.522370,225.522560,225.518770,225.520760,225.522870,225.518710,225.519080,225.520940,225.519580,225.518650,225.520080,225.521380,225.519390,225.517230,225.516850,225.520010,225.521870,225.518650,225.516480,225.517350,225.524730,225.521440,225.521630,225.526280,225.524110,225.522180,225.520940,225.523110,225.525840,225.523360,225.520820,225.521630,225.523360,225.522000,225.519150,225.519770,225.522310,225.522250,225.523240,225.522680,225.524230,225.525900,225.528320,225.523050,225.523860,225.525280,225.524420,225.525280,225.524600,225.521190,225.520510,225.523610,225.525780,225.523800
Auto,LHAD001740,50,3.11.2.2.1,New,5,7,0.000000,Inf,-0.894,0.744,17.7,18.5,18.1,19.1,19.1,19.1,1.0,4.270,15.00,260.311184,260.312300,260.311866,260.310254,260.309572,260.359597,0.110481,A,29,,Slot_29(mA),8.760757,7.471514,1.011658,-2.640724,-1.187210,1.029015,1.282053,0.280437,0.020332,0.552692,0.370817,-0.110836,-0.140467,0.494547,0.377512,-0.597572,0.306721,0.115919,0.286512,0.620880,-0.198240,0.176668,0.638361,-0.118151,-0.136623,0.307837,0.217829,-0.213242,-0.202332,0.427227,0.663280,-0.071783,-0.508556,-0.142946,0.660057,0.522442,-0.179272,0.433550,0.214853,0.042276,-0.677290,0.411978,0.223408,0.339451,-0.690060,-0.201960,0.756016,0.537443,-0.225639,-0.097942,0.359411,0.589886,-0.182247,-0.374041,0.155220,0.710764,0.352221,-0.427599,-0.520954,-0.080338,0.937643,-0.218077,-0.003099,0.028143,0.025539,0.434046,0.642204,0.045872,-0.495415,-0.255146,0.537691,,Slot_29(mV),260.359470,260.359600,260.359600,260.359600,260.359600,260.359600,260.359600,260.359600,260.359600,260.359600,260.359600,260.359600,260.359600,260.359600,260.359600,260.359600,260.359600,260.359600,260.359600,260.359600,260.359600,260.359600,260.359600,260.359600,260.359600,260.359600,260.359600,260.359600,260.359600,260.359600,260.359600,260.359600,260.359600,260.359600,260.359600,260.359600,260.359600,260.359600,260.359600,260.359600,260.359600,260.359600,260.359600,260.359600,260.359600,260.359600,260.359600,260.359600,260.359600,260.359600,260.359600,260.359600,260.359600,260.359600,260.359600,260.359600,260.359600,260.359600,260.359600,260.359540,260.359600,260.359600,260.359600,260.359600,260.359600,260.359600,260.359600,260.359600,260.359600,260.359600,260.359600
Auto,LHAD001740,50,3.11.2.2.1,New,5,7,0.000000,Inf,-0.894,0.744,17.7,18.5,18.1,19.1,19.1,19.1,1.0,4.270,15.00,261.470809,261.472421,261.471243,261.469569,261.469693,261.519717,0.102455,A,30,,Slot_30(mA),8.736582,7.386093,0.813169,-2.471123,-1.057405,0.880985,1.114683,0.337591,-0.012522,0.542402,0.486488,-0.260725,-0.137739,0.573149,0.379248,-0.573025,0.331764,0.209646,0.189934,0.756140,-0.581083,0.265064,0.624847,-0.119762,-0.041904,0.269527,0.169973,-0.091248,-0.126457,0.313044,0.541286,0.006199,-0.560999,-0.049839,0.679770,0.541410,-0.190182,0.363379,0.304737,-0.180635,-0.564718,0.428839,0.320110,0.367470,-0.709152,-0.282421,0.775480,0.420284,-0.111208,-0.189562,0.511904,0.365734,-0.122986,-0.267916,0.175800,0.689564,0.247087,-0.417805,-0.559139,0.002728,0.854578,-0.104265,-0.124102,0.089388,-0.082817,0.349369,0.667000,-0.008678,-0.569925,-0.264816,0.623112,,Slot_30(mV),261.519590,261.519720,261.519720,261.519720,261.519720,261.519720,261.519720,261.519720,261.519720,261.519720,261.519720,261.519720,261.519720,261.519720,261.519720,261.519720,261.519720,261.519720,261.519720,261.519720,261.519720,261.519720,261.519720,261.519720,261.519720,261.519720,261.519720,261.519720,261.519720,261.519720,261.519720,261.519720,261.519720,261.519720,261.519720,261.519720,261.519720,261.519720,261.519720,261.519720,261.519720,261.519720,261.519720,261.519720,261.519720,261.519720,261.519720,261.519720,261.519720,261.519720,261.519720,261.519720,261.519720,261.519720,261.519720,261.519720,261.519720,261.519720,261.519720,261.519660,261.519720,261.519720,261.519720,261.519720,261.519720,261.519720,261.519720,261.519720,261.519720,261.519720,261.519720
Auto,LHAD001740,50,3.11.2.2.1,New,5,7,0.000000,Inf,-0.894,0.744,17.7,18.5,18.1,19.1,19.1,19.1,1.0,4.270,15.00,263.594608,263.596468,263.595352,263.593121,263.592997,263.643017,0.123350,A,31,,Slot_31(mA),9.113598,6.666899,0.847263,-2.194777,-0.973349,0.962934,1.057281,0.204191,0.249319,0.626459,0.335979,-0.286264,0.117903,0.443964,0.455990,-0.759983,0.626707,-0.097322,0.398340,0.638485,-0.831890,0.745230,0.586662,-0.238905,0.056162,0.381231,0.158567,-0.200472,-0.106249,0.434666,0.562239,-0.101538,-0.630178,0.184107,0.699234,0.383091,-0.228987,0.466776,0.414705,-0.193405,-0.714359,0.649891,0.291967,0.176296,-0.610714,-0.075254,0.674810,0.365238,-0.222168,-0.054550,0.505705,0.477562,-0.251303,-0.365238,0.288248,0.850487,0.147161,-0.439005,-0.537691,0.123854,0.914707,-0.337343,0.094099,0.079594,-0.141087,0.500002,0.834990,-0.004959,-0.658569,-0.003843,0.427599,,Slot_31(mV),263.642900,263.643020,263.643020,263.643020,263.643020,263.643020,263.643020,263.643020,263.643020,263.643020,263.643020,263.643020,263.643020,263.643020,263.643020,263.643020,263.643020,263.643020,263.643020,263.643020,263.643020,263.643020,263.643020,263.643020,263.643020,263.643020,263.643020,263.643020,263.643020,263.643020,263.643020,263.643020,263.643020,263.643020,263.643020,263.643020,263.643020,263.643020,263.643020,263.643020,263.643020,263.643020,263.643020,263.643020,263.643020,263.643020,263.643020,263.643020,263.643020,263.643020,263.643020,263.643020,263.643020,263.643020,263.643020,263.643020,263.643020,263.643020,263.643020,263.642960,263.643020,263.643020,263.643020,263.643020,263.643020,263.643020,263.643020,263.643020,263.643020,263.643020,263.643020
Auto,LHAD001740,50,3.11.2.2.1,New,5,7,0.000000,Inf,-0.894,0.744,17.7,18.5,18.1,19.1,19.1,19.1,1.0,4.270,15.00,261.397786,261.399894,261.398716,261.396236,261.396360,261.446387,0.074482,A,32,,Slot_32(mA),9.097729,6.701488,0.767546,-2.128944,-1.063852,0.925493,0.901194,0.203695,0.250435,0.566826,0.325069,-0.305357,0.033598,0.419788,0.264072,-0.699730,0.571413,-0.247335,0.432062,0.653610,-0.972357,0.784779,0.389166,-0.143814,0.052691,0.259485,0.142202,-0.394869,-0.084677,0.385571,0.666752,-0.237417,-0.663033,0.042028,0.760231,0.340195,-0.325441,0.311308,0.504837,-0.344534,-0.626831,0.609474,0.129061,0.216465,-0.777216,-0.012026,0.633526,0.328293,-0.303993,-0.010042,0.432930,0.429955,-0.273867,-0.401316,0.245724,0.715103,0.221548,-0.511284,-0.638609,0.211754,0.673199,-0.386314,-0.031366,0.100918,-0.158815,0.407143,0.656090,-0.107117,-0.532608,-0.161419,0.529261,,Slot_32(mV),261.446260,261.446390,261.446390,261.446390,261.446390,261.446390,261.446390,261.446390,261.446390,261.446390,261.446390,261.446390,261.446390,261.446390,261.446390,261.446390,261.446390,261.446390,261.446390,261.446390,261.446390,261.446390,261.446390,261.446390,261.446390,261.446390,261.446390,261.446390,261.446390,261.446390,261.446390,261.446390,261.446390,261.446390,261.446390,261.446390,261.446390,261.446390,261.446390,261.446390,261.446390,261.446390,261.446390,261.446450,261.446390,261.446390,261.446390,261.446390,261.446390,261.446390,261.446390,261.446390,261.446390,261.446390,261.446390,261.446390,261.446390,261.446390,261.446390,261.446260,261.446390,261.446390,261.446390,261.446390,261.446390,261.446390,261.446390,261.446390,261.446390,261.446390,261.446390
Auto,LHAD001740,50,3.11.2.2.1,New,5,7,0.000000,Inf,-0.894,0.744,17.7,18.5,18.1,19.1,19.1,19.1,1.0,4.270,15.00,267.142043,267.143593,267.142725,267.140555,267.140307,267.190327,0.110766,A,33,,Slot_33(mA),9.047146,6.662312,0.879250,-2.202215,-0.961199,0.859165,0.984631,0.275106,0.217333,0.663404,0.295563,-0.347261,0.030994,0.670967,0.348253,-0.812674,0.631542,-0.128937,0.311928,0.797548,-1.024799,0.918179,0.553188,-0.294571,0.082073,0.576620,-0.043764,-0.221424,-0.117903,0.546494,0.515251,-0.027399,-0.716095,0.077486,0.756884,0.348873,-0.150509,0.277710,0.562239,-0.227375,-0.627699,0.526533,0.416689,0.115547,-0.683737,-0.015869,0.670471,0.290232,-0.237665,-0.034218,0.491571,0.452766,-0.286140,-0.380611,0.365486,0.845776,0.196381,-0.466528,-0.619020,0.184355,0.708284,-0.367966,0.224400,0.000620,-0.132408,0.405779,0.784531,0.031366,-0.604887,-0.009546,0.450783,,Slot_33(mV),267.190210,267.190330,267.190330,267.190270,267.190330,267.190330,267.190330,267.190330,267.190330,267.190330,267.190330,267.190330,267.190330,267.190330,267.190330,267.190330,267.190330,267.190330,267.190330,267.190330,267.190330,267.190330,267.190330,267.190330,267.190330,267.190330,267.190330,267.190330,267.190330,267.190330,267.190330,267.190330,267.190330,267.190330,267.190330,267.190330,267.190330,267.190330,267.190330,267.190330,267.190330,267.190330,267.190330,267.190330,267.190330,267.190330,267.190330,267.190330,267.190330,267.190330,267.190330,267.190330,267.190330,267.190330,267.190330,267.190330,267.190330,267.190330,267.190330,267.190330,267.190330,267.190330,267.190330,267.190330,267.190330,267.190330,267.190330,267.190330,267.190330,267.190330,267.190330
Auto,LHAD001740,50,3.11.2.2.1,New,5,7,0.000000,Inf,-0.894,0.744,17.7,18.5,18.1,19.1,19.1,19.1,1.0,4.270,15.00,258.751359,258.753343,258.752165,258.750181,258.750057,258.800077,0.097880,A,34,,Slot_34(mA),9.174099,6.571932,0.841188,-2.074766,-0.877266,0.853338,0.876026,0.243988,0.232954,0.645428,0.359907,-0.384207,0.040541,0.478802,0.299654,-0.852470,0.712252,-0.184479,0.477934,0.671587,-0.929213,0.866604,0.446072,-0.366850,0.215473,0.374660,0.056782,-0.300770,-0.200844,0.642824,0.621872,-0.233698,-0.697250,0.168362,0.659313,0.230722,-0.232210,0.413589,0.561743,-0.376768,-0.467768,0.506449,0.323334,0.109472,-0.685472,-0.135632,0.759239,0.289364,-0.173569,-0.066204,0.556908,0.385447,-0.234938,-0.291471,0.220804,0.716715,0.274734,-0.481281,-0.672331,0.372305,0.665884,-0.453386,0.147161,-0.029879,-0.213242,0.497522,0.769529,-0.021076,-0.714979,-0.045872,0.560875,,Slot_34(mV),258.799960,258.800080,258.800080,258.800020,258.800080,258.800080,258.800080,258.800080,258.800080,258.800080,258.800080,258.800080,258.800080,258.800080,258.800080,258.800080,258.800080,258.800080,258.800080,258.800080,258.800080,258.800080,258.800080,258.800080,258.800080,258.800080,258.800080,258.800080,258.800080,258.800080,258.800080,258.800080,258.800080,258.800080,258.800080,258.800080,258.800080,258.800080,258.800080,258.800080,258.800080,258.800080,258.800080,258.800080,258.800080,258.800080,258.800080,258.800080,258.800080,258.800080,258.800080,258.800080,258.800080,258.800080,258.800080,258.800080,258.800080,258.800080,258.800080,258.800080,258.800080,258.800080,258.800080,258.800080,258.800080,258.800080,258.800080,258.800080,258.800080,258.800080,258.800080
Auto,LHAD001740,50,3.11.2.2.1,New,5,7,0.000000,Inf,-0.894,0.744,17.7,18.5,18.1,19.1,19.1,19.1,1.0,4.270,15.00,261.853838,261.856194,261.855078,261.853342,261.853404,261.903427,0.098653,A,35,,Slot_35(mA),9.201746,6.481800,0.815897,-2.057285,-0.935535,0.785522,0.878878,0.242996,0.259485,0.618525,0.287752,-0.340195,-0.113935,0.633774,0.180387,-0.780439,0.712748,-0.245848,0.462933,0.572777,-0.899582,0.912228,0.349245,-0.265808,0.047483,0.380239,0.079346,-0.346022,-0.106125,0.545750,0.612450,-0.222168,-0.658073,-0.040045,0.865860,0.295439,-0.351477,0.431814,0.475330,-0.404167,-0.612202,0.719690,0.114431,0.238285,-0.817509,-0.010042,0.713987,0.328417,-0.298910,-0.067072,0.424252,0.344906,-0.159683,-0.429211,0.301390,0.775728,0.148649,-0.503969,-0.485001,0.143070,0.660925,-0.338211,0.173817,0.152493,-0.251303,0.493555,0.782299,-0.118151,-0.466776,-0.139227,0.528765,,Slot_35(mV),261.903310,261.903430,261.903430,261.903370,261.903430,261.903430,261.903430,261.903430,261.903430,261.903430,261.903430,261.903430,261.903430,261.903430,261.903430,261.903430,261.903430,261.903430,261.903430,261.903430,261.903430,261.903430,261.903430,261.903430,261.903430,261.903430,261.903430,261.903430,261.903430,261.903430,261.903430,261.903430,261.903430,261.903430,261.903430,261.903430,261.903430,261.903430,261.903430,261.903430,261.903430,261.903430,261.903430,261.903430,261.903430,261.903430,261.903430,261.903430,261.903430,261.903430,261.903430,261.903430,261.903430,261.903430,261.903430,261.903430,261.903430,261.903430,261.903430,261.903430,261.903430,261.903430,261.903430,261.903430,261.903430,261.903430,261.903430,261.903430,261.903430,261.903430,261.903430
Auto,LHAD001740,50,3.11.2.2.1,New,5,7,0.000000,Inf,-0.894,0.744,17.7,18.5,18.1,19.1,19.1,19.1,1.0,4.270,15.00,260.341806,260.343480,260.342550,260.340319,260.340381,260.390407,0.114539,A,36,,Slot_36(mA),9.153147,6.419315,0.735931,-1.938515,-0.787134,0.764198,1.107864,0.236797,0.320978,0.659065,0.267544,-0.341063,0.172453,0.584431,0.229359,-0.868587,0.574017,-0.144558,0.520582,0.738163,-1.010046,0.958099,0.373669,-0.181999,0.167246,0.492315,0.078478,-0.388050,-0.137491,0.615549,0.540543,-0.249071,-0.709896,0.203819,0.727005,0.380487,-0.324202,0.471239,0.644188,-0.498762,-0.523434,0.683365,0.135632,0.216217,-0.782423,0.037193,0.715227,0.265808,-0.267916,0.060253,0.562611,0.405407,-0.311556,-0.296307,0.412722,0.729361,0.319118,-0.533352,-0.712748,0.340443,0.627823,-0.439129,0.246220,0.086412,-0.172701,0.505209,0.784159,-0.053310,-0.635509,-0.005455,0.513391,,Slot_36(mV),260.390280,260.390410,260.390410,260.390340,260.390410,260.390410,260.390410,260.390410,260.390410,260.390410,260.390410,260.390410,260.390410,260.390410,260.390410,260.390410,260.390410,260.390410,260.390410,260.390410,260.390410,260.390410,260.390410,260.390410,260.390410,260.390410,260.390410,260.390410,260.390410,260.390410,260.390410,260.390410,260.390410,260.390410,260.390410,260.390410,260.390410,260.390410,260.390410,260.390410,260.390410,260.390410,260.390410,260.390410,260.390410,260.390410,260.390410,260.390410,260.390410,260.390410,260.390410,260.390410,260.390410,260.390410,260.390410,260.390410,260.390410,260.390410,260.390410,260.390410,260.390410,260.390410,260.390410,260.390410,260.390410,260.390410,260.390410,260.390410,260.390410,260.390410,260.390410
